"","cont","cat","DFR (10%)","status","true","DFR (30%)","status","true","DFR (50%)","status","true","DFR (70%)","status","true","bath (10%)","status","true","bath (30%)","status","true","bath (50%)","status","true","bath (70%)","status","true","uni (10%)","status","true","uni (30%)","status","true","uni (50%)","status","true","uni (70%)","status","true","IFR (10%)","status","true","IFR (30%)","status","true","IFR (50%)","status","true","IFR (70%)","status","true"
"1",-0.409341851421107,-0.14,3.43831886934488,0,3.43831886934488,3.43831886934488,0,3.43831886934488,3.05239393421861,1,3.43831886934488,3.43831886934488,0,3.43831886934488,0.904217360198572,0,0.904217360198572,0.904217360198572,0,0.904217360198572,0.904217360198572,0,0.904217360198572,0.0159115430967753,1,0.904217360198572,19.5729943539295,0,19.5729943539295,19.5729943539295,0,19.5729943539295,11.5308722587025,1,19.5729943539295,12.6104022135574,1,19.5729943539295,0.219435988511527,0,0.219435988511527,0.219435988511527,0,0.219435988511527,0.0334165337357701,1,0.219435988511527,0.219435988511527,0,0.219435988511527
"2",0.0416143456925429,-0.14,2.7468297788103,0,2.7468297788103,2.7468297788103,0,2.7468297788103,0.97600725894637,1,2.7468297788103,0.519832120751011,1,2.7468297788103,2.35789219452593,0,2.35789219452593,2.35789219452593,0,2.35789219452593,2.35789219452593,0,2.35789219452593,0.927054524724946,1,2.35789219452593,0.269298601344679,0,0.269298601344679,0.269298601344679,0,0.269298601344679,0.0534662720666457,1,0.269298601344679,0.11227726532462,1,0.269298601344679,3.9525018341963,0,3.9525018341963,3.9525018341963,0,3.9525018341963,3.9525018341963,0,3.9525018341963,3.46004208530507,1,3.9525018341963
"3",-0.525783039793188,-0.14,4.74938430974554,0,4.74938430974554,4.74938430974554,0,4.74938430974554,0.716327289105214,1,4.74938430974554,4.74938430974554,0,4.74938430974554,0.27652527559057,1,1.30552633750973,1.30552633750973,0,1.30552633750973,0.980207611038276,1,1.30552633750973,1.06780837583223,1,1.30552633750973,16.4358541459394,0,16.4358541459394,16.4358541459394,0,16.4358541459394,4.77217415177582,1,16.4358541459394,9.64142213241058,1,16.4358541459394,1.44965473988473,0,1.44965473988473,1.44965473988473,0,1.44965473988473,1.44965473988473,0,1.44965473988473,0.5471460889777,1,1.44965473988473
"4",0.827429578543521,-0.14,3.00794464401877,0,3.00794464401877,0.533701499075414,1,3.00794464401877,3.00794464401877,0,3.00794464401877,1.31662339682112,1,3.00794464401877,2.04752848029848,0,2.04752848029848,0.603521695035665,1,2.04752848029848,2.04752848029848,0,2.04752848029848,1.59651140214183,1,2.04752848029848,0.898101218960795,0,0.898101218960795,0.887410287644916,1,0.898101218960795,0.898101218960795,0,0.898101218960795,0.489043083799968,1,0.898101218960795,9.65379144444941,0,9.65379144444941,3.90992468354127,1,9.65379144444941,9.65379144444941,0,9.65379144444941,0.659346991573946,1,9.65379144444941
"5",0.1228126041997,-0.14,0.019194489081557,1,2.50299927945048,2.50299927945048,0,2.50299927945048,0.91819871547835,1,2.50299927945048,2.50299927945048,0,2.50299927945048,1.41230605697471,0,1.41230605697471,1.23044473964827,1,1.41230605697471,1.41230605697471,0,1.41230605697471,0.767284420800413,1,1.41230605697471,3.38961726089111,0,3.38961726089111,3.38961726089111,0,3.38961726089111,1.49410412967875,1,3.38961726089111,3.38961726089111,0,3.38961726089111,1.09401381203235,0,1.09401381203235,1.09401381203235,0,1.09401381203235,0.507077141182182,1,1.09401381203235,0.00226093341450352,1,1.09401381203235
"6",-0.517343806270593,-0.14,4.55861323861536,0,4.55861323861536,4.55861323861536,0,4.55861323861536,2.21616516864876,1,4.55861323861536,3.83332769663599,1,4.55861323861536,1.72277797438866,0,1.72277797438866,1.72277797438866,0,1.72277797438866,0.903944857327102,1,1.72277797438866,0.995247988688813,1,1.72277797438866,3.48609749415204,0,3.48609749415204,1.22590371294437,1,3.48609749415204,3.48609749415204,0,3.48609749415204,0.374090055173737,1,3.48609749415204,6.02394533003785,0,6.02394533003785,6.02394533003785,0,6.02394533003785,0.216550546435668,1,6.02394533003785,2.92018306618362,1,6.02394533003785
"7",0.210722531386075,-0.14,3.50192362094222,0,3.50192362094222,3.50192362094222,0,3.50192362094222,0.905140559443471,1,3.50192362094222,1.8478343182502,1,3.50192362094222,0.848895566165952,0,0.848895566165952,0.848895566165952,0,0.848895566165952,0.283039669086787,1,0.848895566165952,0.32263586150475,1,0.848895566165952,1.47723870401502,0,1.47723870401502,1.47723870401502,0,1.47723870401502,0.0487063397365362,1,1.47723870401502,0.50461678879807,1,1.47723870401502,18.6358319583109,0,18.6358319583109,18.6358319583109,0,18.6358319583109,9.21387846171712,1,18.6358319583109,18.6358319583109,0,18.6358319583109
"8",0.350388436289243,-0.14,3.40462192683557,0,3.40462192683557,3.40462192683557,0,3.40462192683557,3.40462192683557,0,3.40462192683557,2.31092169999543,1,3.40462192683557,1.824441327345,0,1.824441327345,1.20057102888193,1,1.824441327345,0.3818972149459,1,1.824441327345,1.02019945501805,1,1.824441327345,14.9628030769548,0,14.9628030769548,14.9628030769548,0,14.9628030769548,14.9628030769548,0,14.9628030769548,4.99150768360907,1,14.9628030769548,2.35232362359833,0,2.35232362359833,2.35232362359833,0,2.35232362359833,2.35232362359833,0,2.35232362359833,0.633819729008192,1,2.35232362359833
"9",0.259905543083192,-0.14,2.11682659607897,1,2.16859613735228,2.16859613735228,0,2.16859613735228,2.16859613735228,0,2.16859613735228,2.01827875453918,1,2.16859613735228,1.82993371260314,0,1.82993371260314,1.82993371260314,0,1.82993371260314,0.808797883412953,1,1.82993371260314,1.40133986138292,1,1.82993371260314,7.70029235588875,0,7.70029235588875,5.67341939154923,1,7.70029235588875,7.70029235588875,0,7.70029235588875,7.70029235588875,0,7.70029235588875,8.02175190937462,0,8.02175190937462,8.02175190937462,0,8.02175190937462,8.02175190937462,0,8.02175190937462,7.48616359675025,1,8.02175190937462
"10",-0.230614589965757,-0.14,1.39343677335997,0,1.39343677335997,1.05414206004322,1,1.39343677335997,0.683075810708767,1,1.39343677335997,0.267453177730442,1,1.39343677335997,1.16933791839569,0,1.16933791839569,1.16933791839569,0,1.16933791839569,1.16933791839569,0,1.16933791839569,0.844323373994069,1,1.16933791839569,4.53025483054336,0,4.53025483054336,4.53025483054336,0,4.53025483054336,0.82749597470585,1,4.53025483054336,4.53025483054336,0,4.53025483054336,7.97186437901677,0,7.97186437901677,7.97186437901677,0,7.97186437901677,1.38192216341426,1,7.97186437901677,7.97186437901677,0,7.97186437901677
"11",0.780947896727055,0.86,2.01301518665343,0,2.01301518665343,2.01301518665343,0,2.01301518665343,0.647681410446211,1,2.01301518665343,2.01301518665343,0,2.01301518665343,1.75769130041891,0,1.75769130041891,1.73146894973206,1,1.75769130041891,1.21034308359631,1,1.75769130041891,1.08058765408063,1,1.75769130041891,8.16088498455271,1,33.9803045700665,33.9803045700665,0,33.9803045700665,10.8316411811248,1,33.9803045700665,0.586362904134439,1,33.9803045700665,2.56793482910451,0,2.56793482910451,2.56793482910451,0,2.56793482910451,2.56793482910451,0,2.56793482910451,2.56793482910451,0,2.56793482910451
"12",0.156399504450279,-0.14,5.04226452063839,0,5.04226452063839,5.04226452063839,0,5.04226452063839,2.49446823026484,1,5.04226452063839,5.04226452063839,0,5.04226452063839,0.132539722410477,1,2.02109382084658,2.02109382084658,0,2.02109382084658,2.02109382084658,0,2.02109382084658,0.310137336406168,1,2.02109382084658,0.143919615908527,0,0.143919615908527,0.143919615908527,0,0.143919615908527,0.143919615908527,0,0.143919615908527,0.0259247672730331,1,0.143919615908527,1.93612084158363,0,1.93612084158363,1.06362044408555,1,1.93612084158363,1.93612084158363,0,1.93612084158363,1.66567708389994,1,1.93612084158363
"13",-0.406439806265729,-0.14,2.96092544186423,0,2.96092544186423,1.87660091833262,1,2.96092544186423,2.96092544186423,0,2.96092544186423,1.17171705230101,1,2.96092544186423,2.17608204168665,0,2.17608204168665,2.17608204168665,0,2.17608204168665,2.17608204168665,0,2.17608204168665,0.799004024671603,1,2.17608204168665,8.0592345019453,0,8.0592345019453,8.0592345019453,0,8.0592345019453,8.0592345019453,0,8.0592345019453,8.0592345019453,0,8.0592345019453,20.2419249613643,0,20.2419249613643,20.2419249613643,0,20.2419249613643,9.28692472604572,1,20.2419249613643,7.26060022102861,1,20.2419249613643
"14",-1.29346966745312,0.86,3.86524815090032,0,3.86524815090032,3.86524815090032,0,3.86524815090032,3.86524815090032,0,3.86524815090032,3.86524815090032,0,3.86524815090032,2.11147603818713,0,2.11147603818713,1.77804534397442,1,2.11147603818713,2.11147603818713,0,2.11147603818713,1.87593250105482,1,2.11147603818713,1.80339446788502,0,1.80339446788502,1.78873030918862,1,1.80339446788502,1.58023751587775,1,1.80339446788502,1.80339446788502,0,1.80339446788502,0.801674952383587,0,0.801674952383587,0.0687014591853063,1,0.801674952383587,0.225416555593374,1,0.801674952383587,0.801674952383587,0,0.801674952383587
"15",0.565600242474574,0.86,2.9863874526636,0,2.9863874526636,2.46284492429685,1,2.9863874526636,2.9863874526636,0,2.9863874526636,0.143918104711497,1,2.9863874526636,0.596875798908757,0,0.596875798908757,0.596875798908757,0,0.596875798908757,0.596875798908757,0,0.596875798908757,0.511132129229305,1,0.596875798908757,3.35094184167873,1,3.87842585927208,3.87842585927208,0,3.87842585927208,0.442104334521935,1,3.87842585927208,0.579052933930671,1,3.87842585927208,0.417100969702272,0,0.417100969702272,0.417100969702272,0,0.417100969702272,0.417100969702272,0,0.417100969702272,0.417100969702272,0,0.417100969702272
"16",-0.0856274134887523,-0.14,3.38586461589728,0,3.38586461589728,3.29257578952119,1,3.38586461589728,0.171298941765735,1,3.38586461589728,3.34101281054732,1,3.38586461589728,2.17966119178306,0,2.17966119178306,2.17966119178306,0,2.17966119178306,2.17966119178306,0,2.17966119178306,1.24959330605515,1,2.17966119178306,4.40829938685829,0,4.40829938685829,0.081579683842241,1,4.40829938685829,0.398174150935047,1,4.40829938685829,4.40829938685829,0,4.40829938685829,0.0978583865104256,0,0.0978583865104256,0.0978583865104256,0,0.0978583865104256,0.0208381240864702,1,0.0978583865104256,0.0638076070230003,1,0.0978583865104256
"17",-0.0696268755195626,-0.14,1.25982763555298,0,1.25982763555298,1.25982763555298,0,1.25982763555298,1.02839823821401,1,1.25982763555298,0.945656078100377,1,1.25982763555298,1.89540344179004,0,1.89540344179004,1.89540344179004,0,1.89540344179004,1.59776349195088,1,1.89540344179004,1.89540344179004,0,1.89540344179004,118.141317665105,0,118.141317665105,39.5609076797013,1,118.141317665105,17.8281165929378,1,118.141317665105,64.8453819195718,1,118.141317665105,0.865965719243948,1,3.0977254848642,3.0977254848642,0,3.0977254848642,1.32521133012214,1,3.0977254848642,0.60717542127451,1,3.0977254848642
"18",0.464790380215069,0.86,5.15846597766211,0,5.15846597766211,5.15846597766211,0,5.15846597766211,0.897563334196668,1,5.15846597766211,1.94489168147983,1,5.15846597766211,1.40503148796709,0,1.40503148796709,0.219376352416337,1,1.40503148796709,1.40503148796709,0,1.40503148796709,0.563365622875225,1,1.40503148796709,0.94960338223166,0,0.94960338223166,0.86005009093269,1,0.94960338223166,0.94960338223166,0,0.94960338223166,0.100533074799011,1,0.94960338223166,0.65503859215595,0,0.65503859215595,0.65503859215595,0,0.65503859215595,0.65503859215595,0,0.65503859215595,0.51969841704265,1,0.65503859215595
"19",0.396534366520281,0.86,4.12386765425891,0,4.12386765425891,4.12386765425891,0,4.12386765425891,4.12386765425891,0,4.12386765425891,4.12386765425891,0,4.12386765425891,1.11621963068412,0,1.11621963068412,1.11621963068412,0,1.11621963068412,1.11621963068412,0,1.11621963068412,0.471390374695722,1,1.11621963068412,1.64556576997822,0,1.64556576997822,1.64556576997822,0,1.64556576997822,1.64556576997822,0,1.64556576997822,0.178697312707469,1,1.64556576997822,0.974926776475197,0,0.974926776475197,0.666377701594794,1,0.974926776475197,0.943873321696528,1,0.974926776475197,0.873966572399368,1,0.974926776475197
"20",0.269992373678838,-0.14,3.91715352417089,0,3.91715352417089,3.91715352417089,0,3.91715352417089,1.64838388931603,1,3.91715352417089,0.304841777775388,1,3.91715352417089,1.9113391547921,0,1.9113391547921,1.9113391547921,0,1.9113391547921,1.9113391547921,0,1.9113391547921,1.71464356698277,1,1.9113391547921,5.45763200285982,0,5.45763200285982,2.5769763066639,1,5.45763200285982,5.45763200285982,0,5.45763200285982,5.45763200285982,0,5.45763200285982,0.127270393709537,0,0.127270393709537,0.122714148853547,1,0.127270393709537,0.0504485748914281,1,0.127270393709537,0.00141186597263742,1,0.127270393709537
"21",0.450952227910836,-0.14,1.43754475175194,0,1.43754475175194,1.43754475175194,0,1.43754475175194,1.43754475175194,0,1.43754475175194,0.152730453597436,1,1.43754475175194,1.75313128533844,0,1.75313128533844,1.75313128533844,0,1.75313128533844,1.75313128533844,0,1.75313128533844,1.29057133875736,1,1.75313128533844,0.649713549866998,0,0.649713549866998,0.649713549866998,0,0.649713549866998,0.0338426590035028,1,0.649713549866998,0.349004781081736,1,0.649713549866998,6.15820694164032,0,6.15820694164032,6.15820694164032,0,6.15820694164032,6.15820694164032,0,6.15820694164032,2.46385862658424,1,6.15820694164032
"22",0.374777006115452,-0.14,2.09371349318214,0,2.09371349318214,0.831018073055152,1,2.09371349318214,2.09371349318214,0,2.09371349318214,1.67848578125611,1,2.09371349318214,1.50022781723235,0,1.50022781723235,1.50022781723235,0,1.50022781723235,1.14416469090775,1,1.50022781723235,0.0237609357999029,1,1.50022781723235,6.28959476875636,0,6.28959476875636,6.28959476875636,0,6.28959476875636,6.28959476875636,0,6.28959476875636,6.28959476875636,0,6.28959476875636,0.152775039090472,0,0.152775039090472,0.139049340430478,1,0.152775039090472,0.107492805788104,1,0.152775039090472,0.145025680359664,1,0.152775039090472
"23",-0.0191062168884506,-0.14,1.30528084724911,0,1.30528084724911,0.879495380545939,1,1.30528084724911,1.30528084724911,0,1.30528084724911,0.440536508038024,1,1.30528084724911,1.49737447424159,0,1.49737447424159,1.49737447424159,0,1.49737447424159,0.204923617968596,1,1.49737447424159,1.49737447424159,0,1.49737447424159,24.9032297173498,0,24.9032297173498,24.9032297173498,0,24.9032297173498,24.9032297173498,0,24.9032297173498,24.9032297173498,0,24.9032297173498,0.857085897979052,0,0.857085897979052,0.857085897979052,0,0.857085897979052,0.548804573789172,1,0.857085897979052,0.381926861431701,1,0.857085897979052
"24",-1.16802524974644,-0.14,2.92046239004924,0,2.92046239004924,0.579549633096392,1,2.92046239004924,1.57115962605909,1,2.92046239004924,2.92046239004924,0,2.92046239004924,1.08365156218467,0,1.08365156218467,0.637616873308453,1,1.08365156218467,1.08365156218467,0,1.08365156218467,1.08365156218467,0,1.08365156218467,0.152437663101972,0,0.152437663101972,0.140821320452953,1,0.152437663101972,0.0215641899492174,1,0.152437663101972,0.0491373608199083,1,0.152437663101972,0.447382369256684,0,0.447382369256684,0.447382369256684,0,0.447382369256684,0.117908062380564,1,0.447382369256684,0.447382369256684,0,0.447382369256684
"25",0.284423705876076,0.86,4.58271039372085,0,4.58271039372085,4.58271039372085,0,4.58271039372085,2.76334983240051,1,4.58271039372085,4.58271039372085,0,4.58271039372085,1.92543656198008,0,1.92543656198008,1.75933873696772,1,1.92543656198008,0.882324764541988,1,1.92543656198008,1.71440641887884,1,1.92543656198008,17.8291522468846,0,17.8291522468846,17.8291522468846,0,17.8291522468846,17.8291522468846,0,17.8291522468846,2.26683496769132,1,17.8291522468846,0.447355741466168,0,0.447355741466168,0.447355741466168,0,0.447355741466168,0.447355741466168,0,0.447355741466168,0.175459433926174,1,0.447355741466168
"26",-0.0918593988455484,-0.14,2.0221488514216,0,2.0221488514216,2.0221488514216,0,2.0221488514216,1.87185776961703,1,2.0221488514216,1.9558164006778,1,2.0221488514216,1.86740824561203,0,1.86740824561203,1.86740824561203,0,1.86740824561203,0.859672547047824,1,1.86740824561203,1.31587951560474,1,1.86740824561203,23.0487895990882,0,23.0487895990882,23.0487895990882,0,23.0487895990882,2.05552417581171,1,23.0487895990882,23.0487895990882,0,23.0487895990882,5.85797091860274,1,6.16417008954547,5.74999828936572,1,6.16417008954547,6.16417008954547,0,6.16417008954547,3.81113103261573,1,6.16417008954547
"27",-0.147340827386118,-0.14,3.90232105435849,0,3.90232105435849,3.90232105435849,0,3.90232105435849,2.94494530435034,1,3.90232105435849,0.321139187362325,1,3.90232105435849,1.40227158180559,0,1.40227158180559,1.40227158180559,0,1.40227158180559,1.40227158180559,0,1.40227158180559,1.40227158180559,0,1.40227158180559,0.259479574763066,0,0.259479574763066,0.259479574763066,0,0.259479574763066,0.136975386135092,1,0.259479574763066,0.259479574763066,0,0.259479574763066,11.2533054231725,0,11.2533054231725,11.2533054231725,0,11.2533054231725,11.2533054231725,0,11.2533054231725,11.2533054231725,0,11.2533054231725
"28",-0.879336938857208,-0.14,2.93608162831974,0,2.93608162831974,2.93608162831974,0,2.93608162831974,0.0539756697049425,1,2.93608162831974,2.93608162831974,0,2.93608162831974,1.30025378946088,0,1.30025378946088,1.30025378946088,0,1.30025378946088,1.30025378946088,0,1.30025378946088,0.439427442426591,1,1.30025378946088,9.24850851807122,1,19.6331915333187,10.3720433628496,1,19.6331915333187,16.9126298013146,1,19.6331915333187,2.18347164794639,1,19.6331915333187,0.417668733440264,0,0.417668733440264,0.20571797712057,1,0.417668733440264,0.242669594641199,1,0.417668733440264,0.0798619737171204,1,0.417668733440264
"29",-0.326785705038502,-0.14,3.24034629924369,0,3.24034629924369,2.41479990169567,1,3.24034629924369,3.24034629924369,0,3.24034629924369,3.24034629924369,0,3.24034629924369,1.12279562484121,0,1.12279562484121,0.389220058415358,1,1.12279562484121,1.12279562484121,0,1.12279562484121,1.12279562484121,0,1.12279562484121,1.76058389937658,0,1.76058389937658,0.232427439765259,1,1.76058389937658,1.76058389937658,0,1.76058389937658,0.843715336530935,1,1.76058389937658,3.17633583969929,0,3.17633583969929,3.17633583969929,0,3.17633583969929,1.29285263993361,1,3.17633583969929,2.16187862956531,1,3.17633583969929
"30",0.172040978409304,0.86,2.4079255083175,0,2.4079255083175,2.4079255083175,0,2.4079255083175,2.4079255083175,0,2.4079255083175,2.08746980233963,1,2.4079255083175,0.386204238137614,1,1.03810813297715,1.03810813297715,0,1.03810813297715,1.03810813297715,0,1.03810813297715,0.0373191734948479,1,1.03810813297715,96.1817657080831,0,96.1817657080831,96.1817657080831,0,96.1817657080831,51.5798335056389,1,96.1817657080831,42.0540920239456,1,96.1817657080831,1.20600759787723,0,1.20600759787723,0.720649231143317,1,1.20600759787723,1.20600759787723,0,1.20600759787723,0.177009429557642,1,1.20600759787723
"31",0.69572092830673,-0.14,3.57405373445337,0,3.57405373445337,3.57405373445337,0,3.57405373445337,3.57405373445337,0,3.57405373445337,0.861165622741828,1,3.57405373445337,1.31395408148901,0,1.31395408148901,1.31395408148901,0,1.31395408148901,1.31395408148901,0,1.31395408148901,0.908716009905016,1,1.31395408148901,1.01720933789984,0,1.01720933789984,0.487115235471159,1,1.01720933789984,1.01720933789984,0,1.01720933789984,1.01720933789984,0,1.01720933789984,0.371905183390968,0,0.371905183390968,0.229480001038051,1,0.371905183390968,0.371905183390968,0,0.371905183390968,0.371905183390968,0,0.371905183390968
"32",-0.117833024473413,-0.14,4.58429958377566,0,4.58429958377566,4.58429958377566,0,4.58429958377566,3.49681536024255,1,4.58429958377566,0.110533826056797,1,4.58429958377566,1.30374878109316,0,1.30374878109316,1.30374878109316,0,1.30374878109316,0.390903053386775,1,1.30374878109316,0.462853176346196,1,1.30374878109316,5.23552125580743,0,5.23552125580743,4.69712121492495,1,5.23552125580743,2.00527212623807,1,5.23552125580743,2.44057769937082,1,5.23552125580743,2.0874925842698,0,2.0874925842698,2.0874925842698,0,2.0874925842698,0.29564820304008,1,2.0874925842698,2.0874925842698,0,2.0874925842698
"33",0.155190627585301,-0.14,1.67038621612494,0,1.67038621612494,1.67038621612494,0,1.67038621612494,0.462636950182163,1,1.67038621612494,0.405572843204381,1,1.67038621612494,0.662850461692585,0,0.662850461692585,0.662850461692585,0,0.662850461692585,0.662850461692585,0,0.662850461692585,0.662850461692585,0,0.662850461692585,1.78634692112996,0,1.78634692112996,1.78634692112996,0,1.78634692112996,1.78634692112996,0,1.78634692112996,0.270439377625451,1,1.78634692112996,0.554153892940066,0,0.554153892940066,0.554153892940066,0,0.554153892940066,0.390700683596761,1,0.554153892940066,0.554153892940066,0,0.554153892940066
"34",-0.090565867002587,-0.14,1.77210501642869,0,1.77210501642869,1.77210501642869,0,1.77210501642869,1.77210501642869,0,1.77210501642869,0.548196253434177,1,1.77210501642869,1.51857424669191,0,1.51857424669191,0.0738867540398054,1,1.51857424669191,0.1612230809274,1,1.51857424669191,0.395787590846357,1,1.51857424669191,0.872665509700272,0,0.872665509700272,0.872665509700272,0,0.872665509700272,0.213595772558839,1,0.872665509700272,0.298871970955186,1,0.872665509700272,4.02233476376303,0,4.02233476376303,4.02233476376303,0,4.02233476376303,4.02233476376303,0,4.02233476376303,1.82067553110612,1,4.02233476376303
"35",-0.827181019314953,-0.14,2.45138022822781,0,2.45138022822781,2.45138022822781,0,2.45138022822781,2.35810223268641,1,2.45138022822781,2.45138022822781,0,2.45138022822781,1.54571685813425,0,1.54571685813425,1.54571685813425,0,1.54571685813425,1.09321842773654,1,1.54571685813425,1.08480709114489,1,1.54571685813425,18.2244090786757,0,18.2244090786757,18.2244090786757,0,18.2244090786757,18.2244090786757,0,18.2244090786757,1.29566418137643,1,18.2244090786757,5.23286752602106,0,5.23286752602106,5.23286752602106,0,5.23286752602106,1.8573581835236,1,5.23286752602106,3.50962383011861,1,5.23286752602106
"36",-0.291628982240991,-0.14,3.24029476922089,0,3.24029476922089,3.24029476922089,0,3.24029476922089,3.24029476922089,0,3.24029476922089,2.77650430231359,1,3.24029476922089,0.933829874558114,0,0.933829874558114,0.933829874558114,0,0.933829874558114,0.933829874558114,0,0.933829874558114,0.52839759681658,1,0.933829874558114,1.20067688447349,0,1.20067688447349,1.20067688447349,0,1.20067688447349,0.435740824611194,1,1.20067688447349,0.945060981617569,1,1.20067688447349,1.23476398893665,1,1.2730560759777,1.2730560759777,0,1.2730560759777,1.2730560759777,0,1.2730560759777,0.546907322740702,1,1.2730560759777
"37",-0.280103361917031,-0.14,4.51732233723898,0,4.51732233723898,2.6170160030923,1,4.51732233723898,0.810366033012925,1,4.51732233723898,4.51732233723898,0,4.51732233723898,2.15116511607204,0,2.15116511607204,2.15116511607204,0,2.15116511607204,2.15116511607204,0,2.15116511607204,1.9445842520296,1,2.15116511607204,4.02337927531034,0,4.02337927531034,4.02337927531034,0,4.02337927531034,0.399853947694248,1,4.02337927531034,0.890985194645284,1,4.02337927531034,3.30862698707751,0,3.30862698707751,1.72618472643903,1,3.30862698707751,0.0941112448486346,1,3.30862698707751,3.30862698707751,0,3.30862698707751
"38",-0.0936321996986854,-0.14,4.37520074777296,0,4.37520074777296,4.37520074777296,0,4.37520074777296,4.37520074777296,0,4.37520074777296,2.6201707126503,1,4.37520074777296,1.73294040332199,0,1.73294040332199,1.73294040332199,0,1.73294040332199,1.73294040332199,0,1.73294040332199,1.73294040332199,0,1.73294040332199,2.02358487082368,1,2.66421646133965,2.66421646133965,0,2.66421646133965,2.66421646133965,0,2.66421646133965,2.06317438801668,1,2.66421646133965,1.17805373525975,0,1.17805373525975,0.880793509594755,1,1.17805373525975,0.959203150053758,1,1.17805373525975,0.595004717388063,1,1.17805373525975
"39",0.551736089772076,-0.14,2.31520570638255,0,2.31520570638255,1.30253115071999,1,2.31520570638255,0.432073111652554,1,2.31520570638255,1.81216095212838,1,2.31520570638255,1.51303809681603,0,1.51303809681603,1.51303809681603,0,1.51303809681603,1.51303809681603,0,1.51303809681603,1.51303809681603,0,1.51303809681603,2.84900299492221,0,2.84900299492221,2.55066525065231,1,2.84900299492221,2.84900299492221,0,2.84900299492221,2.84900299492221,0,2.84900299492221,1.25423713205105,1,1.49988199164246,1.49988199164246,0,1.49988199164246,0.169654993100156,1,1.49988199164246,1.08918858121731,1,1.49988199164246
"40",0.364222248939551,-0.14,4.24566598904692,0,4.24566598904692,4.24566598904692,0,4.24566598904692,4.24566598904692,0,4.24566598904692,0.772497723175475,1,4.24566598904692,1.24774859312231,0,1.24774859312231,1.24774859312231,0,1.24774859312231,1.24774859312231,0,1.24774859312231,1.24774859312231,0,1.24774859312231,3.71046233664508,0,3.71046233664508,3.71046233664508,0,3.71046233664508,3.71046233664508,0,3.71046233664508,1.56441466677812,1,3.71046233664508,0.260838499349587,0,0.260838499349587,0.260838499349587,0,0.260838499349587,0.0746395109389605,1,0.260838499349587,0.260838499349587,0,0.260838499349587
"41",-0.152199486799748,-0.14,2.43578355652629,0,2.43578355652629,2.43578355652629,0,2.43578355652629,1.50806867702054,1,2.43578355652629,2.43578355652629,0,2.43578355652629,1.6805403131938,0,1.6805403131938,1.6805403131938,0,1.6805403131938,0.372716682924911,1,1.6805403131938,0.636834161013607,1,1.6805403131938,18.0061563696191,0,18.0061563696191,18.0061563696191,0,18.0061563696191,12.301764469982,1,18.0061563696191,16.9087543785617,1,18.0061563696191,0.0833707383295367,0,0.0833707383295367,0.0833707383295367,0,0.0833707383295367,0.0297252306465837,1,0.0833707383295367,0.052831450455958,1,0.0833707383295367
"42",-0.201652919897577,-0.14,2.50816317584194,1,3.35308541657396,3.35308541657396,0,3.35308541657396,0.854956788662096,1,3.35308541657396,2.92323670225807,1,3.35308541657396,1.36840575532549,0,1.36840575532549,1.36840575532549,0,1.36840575532549,0.863710279367225,1,1.36840575532549,0.0719536976973507,1,1.36840575532549,0.701764152843014,0,0.701764152843014,0.511042678595288,1,0.701764152843014,0.0683416470891781,1,0.701764152843014,0.378804905785556,1,0.701764152843014,2.25265644786227,0,2.25265644786227,2.25265644786227,0,2.25265644786227,0.288409448642036,1,2.25265644786227,0.455719454817794,1,2.25265644786227
"43",0.327363854229791,0.86,3.09644989039878,0,3.09644989039878,3.09644989039878,0,3.09644989039878,3.09644989039878,0,3.09644989039878,2.61818455956288,1,3.09644989039878,1.47710343932719,0,1.47710343932719,1.47710343932719,0,1.47710343932719,1.47710343932719,0,1.47710343932719,0.046776471048171,1,1.47710343932719,6.9995173389286,0,6.9995173389286,6.9995173389286,0,6.9995173389286,6.9995173389286,0,6.9995173389286,5.38561472070631,1,6.9995173389286,1.98298251538757,0,1.98298251538757,1.98298251538757,0,1.98298251538757,1.98298251538757,0,1.98298251538757,0.312508411142894,1,1.98298251538757
"44",0.249263054433974,-0.14,3.63989476410757,0,3.63989476410757,2.32282412152141,1,3.63989476410757,2.04080618886554,1,3.63989476410757,2.59172577106723,1,3.63989476410757,0.831269130188451,0,0.831269130188451,0.831269130188451,0,0.831269130188451,0.303847570938885,1,0.831269130188451,0.819275266824972,1,0.831269130188451,0.334954371184198,0,0.334954371184198,0.334954371184198,0,0.334954371184198,0.291268515585753,1,0.334954371184198,0.334954371184198,0,0.334954371184198,10.5079137932273,0,10.5079137932273,4.11599253063148,1,10.5079137932273,10.5079137932273,0,10.5079137932273,8.15756201286528,1,10.5079137932273
"45",-0.444023396858173,-0.14,2.89994800801355,0,2.89994800801355,2.89994800801355,0,2.89994800801355,2.89994800801355,0,2.89994800801355,0.204044678668714,1,2.89994800801355,2.41834786912141,0,2.41834786912141,2.41834786912141,0,2.41834786912141,0.0959985181029067,1,2.41834786912141,2.41834786912141,0,2.41834786912141,0.233444879469302,1,0.783494041071257,0.783494041071257,0,0.783494041071257,0.783494041071257,0,0.783494041071257,0.447375195409072,1,0.783494041071257,9.35676189662409,0,9.35676189662409,9.35676189662409,0,9.35676189662409,9.35676189662409,0,9.35676189662409,9.35676189662409,0,9.35676189662409
"46",-0.454455080098123,-0.14,1.68191142500438,1,1.79899547357947,1.79899547357947,0,1.79899547357947,0.127607029575343,1,1.79899547357947,0.00108887093028199,1,1.79899547357947,0.617808679887247,0,0.617808679887247,0.346188945713418,1,0.617808679887247,0.216530836152215,1,0.617808679887247,0.172701220397039,1,0.617808679887247,0.699176418596362,1,2.12037663761584,2.12037663761584,0,2.12037663761584,2.12037663761584,0,2.12037663761584,1.08292834655506,1,2.12037663761584,1.48965821142747,0,1.48965821142747,1.48965821142747,0,1.48965821142747,1.48965821142747,0,1.48965821142747,1.48965821142747,0,1.48965821142747
"47",0.14233732883029,-0.14,1.07625038446597,1,1.3671622482126,0.945453903489249,1,1.3671622482126,0.563466766736428,1,1.3671622482126,0.428177710884641,1,1.3671622482126,1.70785515149138,0,1.70785515149138,0.882534414279377,1,1.70785515149138,1.70785515149138,0,1.70785515149138,0.71401158609084,1,1.70785515149138,3.04919395494837,0,3.04919395494837,1.8553392513932,1,3.04919395494837,3.04919395494837,0,3.04919395494837,0.860394080569261,1,3.04919395494837,1.76452830389578,0,1.76452830389578,1.76452830389578,0,1.76452830389578,1.76452830389578,0,1.76452830389578,1.76452830389578,0,1.76452830389578
"48",0.367204424333162,-0.14,3.85978848632268,0,3.85978848632268,3.7731627024568,1,3.85978848632268,3.85978848632268,0,3.85978848632268,1.49417425819702,1,3.85978848632268,1.62779095590244,0,1.62779095590244,1.62779095590244,0,1.62779095590244,1.62779095590244,0,1.62779095590244,1.62779095590244,0,1.62779095590244,5.00196195571514,0,5.00196195571514,0.473734156552889,1,5.00196195571514,1.22786160494372,1,5.00196195571514,5.00196195571514,0,5.00196195571514,4.96642284729978,0,4.96642284729978,3.02246762033937,1,4.96642284729978,4.96642284729978,0,4.96642284729978,4.96642284729978,0,4.96642284729978
"49",-0.123153939426442,-0.14,1.33724980695529,0,1.33724980695529,1.33724980695529,0,1.33724980695529,0.40036074198587,1,1.33724980695529,0.927040832302714,1,1.33724980695529,1.11120720657577,0,1.11120720657577,1.11120720657577,0,1.11120720657577,1.11120720657577,0,1.11120720657577,0.0620663234658648,1,1.11120720657577,17.2628565152504,0,17.2628565152504,17.2628565152504,0,17.2628565152504,17.2628565152504,0,17.2628565152504,17.2628565152504,0,17.2628565152504,3.99319314327143,1,6.34747280674573,3.8210692140739,1,6.34747280674573,6.34747280674573,0,6.34747280674573,6.34747280674573,0,6.34747280674573
"50",0.429871359422833,0.86,1.83671904190286,0,1.83671904190286,1.83671904190286,0,1.83671904190286,1.83671904190286,0,1.83671904190286,1.56651969490669,1,1.83671904190286,0.684679067716682,0,0.684679067716682,0.150199333123984,1,0.684679067716682,0.684679067716682,0,0.684679067716682,0.684679067716682,0,0.684679067716682,36.4678425913527,0,36.4678425913527,36.4678425913527,0,36.4678425913527,36.4678425913527,0,36.4678425913527,8.27972421798362,1,36.4678425913527,1.91609569520182,0,1.91609569520182,1.91609569520182,0,1.91609569520182,0.549217364261236,1,1.91609569520182,1.12817152928926,1,1.91609569520182
"51",0.160999064596238,-0.14,1.10891209774796,0,1.10891209774796,0.307967122149458,1,1.10891209774796,1.10891209774796,0,1.10891209774796,1.10891209774796,0,1.10891209774796,1.50559537997955,0,1.50559537997955,1.50559537997955,0,1.50559537997955,1.50559537997955,0,1.50559537997955,0.414097991722182,1,1.50559537997955,2.16583483607426,0,2.16583483607426,2.16583483607426,0,2.16583483607426,2.16583483607426,0,2.16583483607426,2.16583483607426,0,2.16583483607426,2.10320407099383,0,2.10320407099383,2.08408683561908,1,2.10320407099383,0.709827341164448,1,2.10320407099383,1.57518023559382,1,2.10320407099383
"52",-0.401310551166661,0.86,1.51417634303234,0,1.51417634303234,1.51417634303234,0,1.51417634303234,1.51417634303234,0,1.51417634303234,1.51417634303234,0,1.51417634303234,1.21215681414258,0,1.21215681414258,0.832546955872148,1,1.21215681414258,1.21215681414258,0,1.21215681414258,0.768865861288305,1,1.21215681414258,4.42512553359391,0,4.42512553359391,4.42512553359391,0,4.42512553359391,4.42512553359391,0,4.42512553359391,0.249691205420611,1,4.42512553359391,11.120458840423,0,11.120458840423,11.120458840423,0,11.120458840423,11.120458840423,0,11.120458840423,1.82022237214252,1,11.120458840423
"53",0.129276603246337,-0.14,3.01889611508493,0,3.01889611508493,3.01889611508493,0,3.01889611508493,3.01889611508493,0,3.01889611508493,0.985367468152939,1,3.01889611508493,1.858216957828,0,1.858216957828,1.858216957828,0,1.858216957828,1.10284943933448,1,1.858216957828,1.36436096168529,1,1.858216957828,7.00481586350256,0,7.00481586350256,1.3459320930419,1,7.00481586350256,6.37562273413967,1,7.00481586350256,0.84786217410712,1,7.00481586350256,3.39961779130101,0,3.39961779130101,3.39961779130101,0,3.39961779130101,3.39961779130101,0,3.39961779130101,2.8566441612042,1,3.39961779130101
"54",-0.689296006325429,-0.14,2.71998593856296,0,2.71998593856296,2.71998593856296,0,2.71998593856296,2.71998593856296,0,2.71998593856296,2.71998593856296,0,2.71998593856296,1.68498367630267,0,1.68498367630267,1.68498367630267,0,1.68498367630267,0.44605271148228,1,1.68498367630267,0.100645769558463,1,1.68498367630267,4.62243962223969,0,4.62243962223969,4.62243962223969,0,4.62243962223969,2.17639964611938,1,4.62243962223969,4.51833306229536,1,4.62243962223969,0.649353088051193,0,0.649353088051193,0.649353088051193,0,0.649353088051193,0.284935515389826,1,0.649353088051193,0.487467987058838,1,0.649353088051193
"55",0.737106033613492,-0.14,1.44716970593849,0,1.44716970593849,1.44554522215652,1,1.44716970593849,1.44716970593849,0,1.44716970593849,0.59963104066906,1,1.44716970593849,1.94907506799503,0,1.94907506799503,1.94907506799503,0,1.94907506799503,1.94907506799503,0,1.94907506799503,1.91194576382243,1,1.94907506799503,14.7909132752616,0,14.7909132752616,14.7909132752616,0,14.7909132752616,14.7909132752616,0,14.7909132752616,14.7909132752616,0,14.7909132752616,0.459829912710839,0,0.459829912710839,0.459829912710839,0,0.459829912710839,0.451904838417366,1,0.459829912710839,0.459829912710839,0,0.459829912710839
"56",1.04181355256118,-0.14,2.38794460298317,0,2.38794460298317,1.47811295826306,1,2.38794460298317,2.38794460298317,0,2.38794460298317,1.41973051288431,1,2.38794460298317,0.699675302076798,0,0.699675302076798,0.699675302076798,0,0.699675302076798,0.699675302076798,0,0.699675302076798,0.555967305695541,1,0.699675302076798,2.31398217054118,0,2.31398217054118,2.31398217054118,0,2.31398217054118,1.37988408774947,1,2.31398217054118,2.31398217054118,0,2.31398217054118,0.18365526200329,0,0.18365526200329,0.18365526200329,0,0.18365526200329,0.171291868066718,1,0.18365526200329,0.145844141253927,1,0.18365526200329
"57",-0.265035171902909,-0.14,1.21973740958266,0,1.21973740958266,1.21973740958266,0,1.21973740958266,0.214432991861632,1,1.21973740958266,1.21973740958266,0,1.21973740958266,1.33066993254983,0,1.33066993254983,0.533367989253575,1,1.33066993254983,0.314332180393054,1,1.33066993254983,0.658525272232247,1,1.33066993254983,1.74844799186767,0,1.74844799186767,1.74844799186767,0,1.74844799186767,1.74844799186767,0,1.74844799186767,0.208452024580395,1,1.74844799186767,0.267802950778439,1,0.609889424283134,0.609889424283134,0,0.609889424283134,0.609889424283134,0,0.609889424283134,0.296362247312465,1,0.609889424283134
"58",-0.64185193455693,-0.14,5.13343546118799,0,5.13343546118799,5.13343546118799,0,5.13343546118799,5.13343546118799,0,5.13343546118799,5.13343546118799,0,5.13343546118799,1.38726895463808,0,1.38726895463808,1.38726895463808,0,1.38726895463808,1.38726895463808,0,1.38726895463808,1.050580850977,1,1.38726895463808,38.3594450019815,0,38.3594450019815,38.3594450019815,0,38.3594450019815,38.3594450019815,0,38.3594450019815,30.5950800104089,1,38.3594450019815,6.29899992454,0,6.29899992454,6.29899992454,0,6.29899992454,6.29899992454,0,6.29899992454,6.29899992454,0,6.29899992454
"59",0.256531167369223,-0.14,1.19772765043061,0,1.19772765043061,1.19772765043061,0,1.19772765043061,1.19772765043061,0,1.19772765043061,0.198875104956296,1,1.19772765043061,1.91182786970579,0,1.91182786970579,1.69658270365282,1,1.91182786970579,0.918904630251975,1,1.91182786970579,1.26159196079769,1,1.91182786970579,0.362213913686755,0,0.362213913686755,0.362213913686755,0,0.362213913686755,0.156989976110566,1,0.362213913686755,0.112490973947461,1,0.362213913686755,3.33366263546357,0,3.33366263546357,3.33366263546357,0,3.33366263546357,0.272108257009241,1,3.33366263546357,0.436920052080505,1,3.33366263546357
"60",-0.135795003732695,0.86,5.57543365769761,0,5.57543365769761,5.57543365769761,0,5.57543365769761,0.733875197675996,1,5.57543365769761,4.32111850734252,1,5.57543365769761,1.13737698035115,0,1.13737698035115,0.897063401244926,1,1.13737698035115,1.01627363344255,1,1.13737698035115,1.13737698035115,0,1.13737698035115,3.85790499780213,0,3.85790499780213,3.85790499780213,0,3.85790499780213,3.85790499780213,0,3.85790499780213,1.56795152211256,1,3.85790499780213,2.04205384477841,0,2.04205384477841,2.04205384477841,0,2.04205384477841,2.04205384477841,0,2.04205384477841,0.022602997160043,1,2.04205384477841
"61",1.27629260081965,-0.14,2.97295635036728,0,2.97295635036728,2.97295635036728,0,2.97295635036728,2.97295635036728,0,2.97295635036728,0.0829928390251485,1,2.97295635036728,1.54034379320853,0,1.54034379320853,1.54034379320853,0,1.54034379320853,0.619174479576946,1,1.54034379320853,1.54034379320853,0,1.54034379320853,0.677218408075857,1,1.41442289520659,0.250519711695288,1,1.41442289520659,0.338273195358771,1,1.41442289520659,1.41442289520659,0,1.41442289520659,0.942595161302718,0,0.942595161302718,0.371336317313911,1,0.942595161302718,0.904175849631084,1,0.942595161302718,0.59772376752534,1,0.942595161302718
"62",-0.0824579577210392,-0.14,4.48315489910224,0,4.48315489910224,1.00675795362687,1,4.48315489910224,4.48315489910224,0,4.48315489910224,3.04206195083266,1,4.48315489910224,1.66749730327874,0,1.66749730327874,1.66749730327874,0,1.66749730327874,0.534774367534893,1,1.66749730327874,1.66749730327874,0,1.66749730327874,20.4357150108519,0,20.4357150108519,7.85358874917444,1,20.4357150108519,12.9903456192871,1,20.4357150108519,1.94476218911415,1,20.4357150108519,0.27592823854105,0,0.27592823854105,0.27592823854105,0,0.27592823854105,0.228818915064683,1,0.27592823854105,0.242648122305175,1,0.27592823854105
"63",0.323342468066314,-0.14,2.43666782102025,0,2.43666782102025,2.43666782102025,0,2.43666782102025,2.43666782102025,0,2.43666782102025,1.03094354828987,1,2.43666782102025,1.80691839321307,0,1.80691839321307,1.18495541014081,1,1.80691839321307,1.80691839321307,0,1.80691839321307,0.770878807901967,1,1.80691839321307,11.2539801143988,0,11.2539801143988,11.2539801143988,0,11.2539801143988,11.2539801143988,0,11.2539801143988,3.20116557333971,1,11.2539801143988,5.79176245732256,0,5.79176245732256,4.60194734100536,1,5.79176245732256,4.23229550363326,1,5.79176245732256,4.75844173441487,1,5.79176245732256
"64",-0.0450263113996224,-0.14,1.57695594661229,1,3.87491159351399,3.87491159351399,0,3.87491159351399,2.25646539849924,1,3.87491159351399,2.13696538442813,1,3.87491159351399,2.7198504579465,0,2.7198504579465,2.7198504579465,0,2.7198504579465,0.377694135926969,1,2.7198504579465,2.7198504579465,0,2.7198504579465,17.1837239732813,0,17.1837239732813,17.1837239732813,0,17.1837239732813,17.1837239732813,0,17.1837239732813,0.695269640401355,1,17.1837239732813,0.256556167207649,0,0.256556167207649,0.256556167207649,0,0.256556167207649,0.256556167207649,0,0.256556167207649,0.0335450290049095,1,0.256556167207649
"65",-0.474371622865326,-0.14,2.86401930658175,0,2.86401930658175,2.86401930658175,0,2.86401930658175,2.03709583630062,1,2.86401930658175,2.86401930658175,0,2.86401930658175,1.34455313470879,0,1.34455313470879,1.34455313470879,0,1.34455313470879,0.139873013665262,1,1.34455313470879,1.34455313470879,0,1.34455313470879,3.48593464889549,0,3.48593464889549,3.48593464889549,0,3.48593464889549,1.83432363346515,1,3.48593464889549,0.767126155359363,1,3.48593464889549,4.39544826584699,0,4.39544826584699,4.39544826584699,0,4.39544826584699,1.78201416536061,1,4.39544826584699,3.89508400545741,1,4.39544826584699
"66",0.0444806221137427,-0.14,1.74519613662113,0,1.74519613662113,0.263824418133487,1,1.74519613662113,0.933735008829874,1,1.74519613662113,1.74519613662113,0,1.74519613662113,0.97378282698785,0,0.97378282698785,0.97378282698785,0,0.97378282698785,0.698904711160214,1,0.97378282698785,0.639077964152707,1,0.97378282698785,13.8085152975646,0,13.8085152975646,13.8085152975646,0,13.8085152975646,13.8085152975646,0,13.8085152975646,2.54771540430305,1,13.8085152975646,1.34241846307585,0,1.34241846307585,0.225086149365088,1,1.34241846307585,0.182455232036904,1,1.34241846307585,1.01482347446641,1,1.34241846307585
"67",-1.06537929203716,-0.14,3.21387422684787,0,3.21387422684787,3.21387422684787,0,3.21387422684787,1.90901974765616,1,3.21387422684787,1.01131377634946,1,3.21387422684787,1.77549713576656,0,1.77549713576656,0.14190586276543,1,1.77549713576656,0.886239051460619,1,1.77549713576656,1.08329569928951,1,1.77549713576656,3.53760930278734,0,3.53760930278734,3.53760930278734,0,3.53760930278734,1.05774932991311,1,3.53760930278734,2.6451140761595,1,3.53760930278734,1.85494476461866,0,1.85494476461866,0.473185243331771,1,1.85494476461866,1.85494476461866,0,1.85494476461866,1.85494476461866,0,1.85494476461866
"68",0.755215131283168,-0.14,1.72085808979668,0,1.72085808979668,0.558888065449447,1,1.72085808979668,1.72085808979668,0,1.72085808979668,1.18958344284706,1,1.72085808979668,0.99036024284583,1,1.26527420258226,0.728261521175459,1,1.26527420258226,0.902402759259666,1,1.26527420258226,1.24301302441348,1,1.26527420258226,0.489282949526497,0,0.489282949526497,0.115520231424631,1,0.489282949526497,0.0919397575335281,1,0.489282949526497,0.351167481087407,1,0.489282949526497,2.43370214495101,0,2.43370214495101,0.720950628382567,1,2.43370214495101,2.43370214495101,0,2.43370214495101,1.6023054140205,1,2.43370214495101
"69",0.0246971737510672,-0.14,1.655870358422,0,1.655870358422,0.0417672270543877,1,1.655870358422,1.655870358422,0,1.655870358422,1.36261237268466,1,1.655870358422,1.53482001945219,0,1.53482001945219,1.53482001945219,0,1.53482001945219,1.22859143658833,1,1.53482001945219,0.854774589102867,1,1.53482001945219,11.2062239947076,1,11.2577211349844,4.76266908933316,1,11.2577211349844,2.24817152645889,1,11.2577211349844,11.2577211349844,0,11.2577211349844,6.76302858983786,0,6.76302858983786,6.76302858983786,0,6.76302858983786,6.76302858983786,0,6.76302858983786,4.619867080628,1,6.76302858983786
"70",1.14881194316849,-0.14,1.9622843821671,0,1.9622843821671,1.9622843821671,0,1.9622843821671,0.851966853759743,1,1.9622843821671,1.04864461027512,1,1.9622843821671,1.19845817984298,0,1.19845817984298,1.19845817984298,0,1.19845817984298,0.790566909095188,1,1.19845817984298,1.19845817984298,0,1.19845817984298,0.327415818756147,0,0.327415818756147,0.327415818756147,0,0.327415818756147,0.327415818756147,0,0.327415818756147,0.0124151067817756,1,0.327415818756147,12.3355382228066,0,12.3355382228066,12.3355382228066,0,12.3355382228066,2.18834376305542,1,12.3355382228066,12.3355382228066,0,12.3355382228066
"71",0.204087298683763,-0.14,2.29508252576246,1,2.622298168048,2.622298168048,0,2.622298168048,1.51316504521649,1,2.622298168048,2.622298168048,0,2.622298168048,0.575714458315053,0,0.575714458315053,0.575714458315053,0,0.575714458315053,0.32978650013187,1,0.575714458315053,0.575714458315053,0,0.575714458315053,0.581698700107866,0,0.581698700107866,0.331475989741781,1,0.581698700107866,0.581698700107866,0,0.581698700107866,0.163826084785061,1,0.581698700107866,5.7827458087409,0,5.7827458087409,5.7827458087409,0,5.7827458087409,5.7827458087409,0,5.7827458087409,0.0249685785667737,1,5.7827458087409
"72",-0.455819629033352,-0.14,3.88594529152594,0,3.88594529152594,3.88594529152594,0,3.88594529152594,0.239410852730122,1,3.88594529152594,3.88594529152594,0,3.88594529152594,1.45524599043185,0,1.45524599043185,1.45524599043185,0,1.45524599043185,0.187228533661501,1,1.45524599043185,1.45524599043185,0,1.45524599043185,2.06628452207101,0,2.06628452207101,2.06628452207101,0,2.06628452207101,2.06628452207101,0,2.06628452207101,2.06628452207101,0,2.06628452207101,7.25836020957755,0,7.25836020957755,7.25836020957755,0,7.25836020957755,3.08707807285572,1,7.25836020957755,0.395868459059529,1,7.25836020957755
"73",0.279358352451031,-0.14,2.24276351058999,1,2.8433919980387,2.8433919980387,0,2.8433919980387,2.8433919980387,0,2.8433919980387,0.0289207739922592,1,2.8433919980387,0.780656335349342,1,0.996020852134019,0.996020852134019,0,0.996020852134019,0.996020852134019,0,0.996020852134019,0.01050617403908,1,0.996020852134019,19.4712968023774,0,19.4712968023774,6.60364373574365,1,19.4712968023774,19.4712968023774,0,19.4712968023774,15.3272496849074,1,19.4712968023774,5.81012213803269,1,12.5437473121171,12.5437473121171,0,12.5437473121171,10.1208593037204,1,12.5437473121171,6.35925947992171,1,12.5437473121171
"74",-0.580597718836977,-0.14,3.29865809495314,0,3.29865809495314,3.29865809495314,0,3.29865809495314,2.12761362777567,1,3.29865809495314,0.227838981163845,1,3.29865809495314,1.25074046439951,0,1.25074046439951,0.011803417039901,1,1.25074046439951,0.412769505505032,1,1.25074046439951,1.25074046439951,0,1.25074046439951,3.74741661312473,0,3.74741661312473,3.74741661312473,0,3.74741661312473,0.558164378854984,1,3.74741661312473,3.18729883987773,1,3.74741661312473,0.905070500129496,0,0.905070500129496,0.905070500129496,0,0.905070500129496,0.905070500129496,0,0.905070500129496,0.0254759772360442,1,0.905070500129496
"75",-0.758473468334166,-0.14,2.85851324261522,0,2.85851324261522,0.354632500075223,1,2.85851324261522,2.85851324261522,0,2.85851324261522,1.51445305094675,1,2.85851324261522,2.36157487785708,1,2.41191141491335,2.41191141491335,0,2.41191141491335,1.58514154348532,1,2.41191141491335,2.41191141491335,0,2.41191141491335,7.45164794805494,0,7.45164794805494,1.31565637092864,1,7.45164794805494,3.55226941878575,1,7.45164794805494,3.94408610462849,1,7.45164794805494,9.82073288091519,0,9.82073288091519,9.00941403644506,1,9.82073288091519,9.82073288091519,0,9.82073288091519,9.7977189991742,1,9.82073288091519
"76",0.10162491580483,-0.14,0.33785518340112,1,3.78079364350275,3.78079364350275,0,3.78079364350275,3.78079364350275,0,3.78079364350275,3.78079364350275,0,3.78079364350275,1.07164100797666,0,1.07164100797666,1.07164100797666,0,1.07164100797666,0.230212235664913,1,1.07164100797666,0.739948477035592,1,1.07164100797666,0.97080331258047,0,0.97080331258047,0.97080331258047,0,0.97080331258047,0.97080331258047,0,0.97080331258047,0.217368584254355,1,0.97080331258047,2.170364266216,0,2.170364266216,2.170364266216,0,2.170364266216,2.170364266216,0,2.170364266216,1.02761567053409,1,2.170364266216
"77",-0.307381225668031,-0.14,2.91603991834304,0,2.91603991834304,2.91603991834304,0,2.91603991834304,2.17403467390999,1,2.91603991834304,2.89312945567208,1,2.91603991834304,2.22542797240926,0,2.22542797240926,1.82947558926666,1,2.22542797240926,2.22542797240926,0,2.22542797240926,2.14746405593912,1,2.22542797240926,2.18969532114426,0,2.18969532114426,2.18969532114426,0,2.18969532114426,2.18969532114426,0,2.18969532114426,0.796354546893416,1,2.18969532114426,0.274604156258307,0,0.274604156258307,0.144237047913277,1,0.274604156258307,0.274604156258307,0,0.274604156258307,0.0603615747651956,1,0.274604156258307
"78",-0.0599989379439244,-0.14,2.69884257946551,0,2.69884257946551,0.1561790865637,1,2.69884257946551,1.54007836031993,1,2.69884257946551,1.30620361525268,1,2.69884257946551,1.43070752322379,0,1.43070752322379,1.43070752322379,0,1.43070752322379,0.243720748141183,1,1.43070752322379,1.39174971195475,1,1.43070752322379,18.9930281171977,0,18.9930281171977,18.9930281171977,0,18.9930281171977,10.9712897046523,1,18.9930281171977,4.31189543482718,1,18.9930281171977,9.5421059771429,0,9.5421059771429,9.5421059771429,0,9.5421059771429,3.29654752611366,1,9.5421059771429,2.53441531589909,1,9.5421059771429
"79",-0.0192307211040911,-0.14,3.34529737526058,0,3.34529737526058,3.34529737526058,0,3.34529737526058,3.34529737526058,0,3.34529737526058,0.842049984986551,1,3.34529737526058,0.0599570012214103,1,0.506544542324406,0.506544542324406,0,0.506544542324406,0.506544542324406,0,0.506544542324406,0.069904842469018,1,0.506544542324406,22.5731989460668,0,22.5731989460668,22.5731989460668,0,22.5731989460668,4.02157806881594,1,22.5731989460668,19.7264027368843,1,22.5731989460668,9.62611336732702,0,9.62611336732702,9.62611336732702,0,9.62611336732702,0.0698828407177588,1,9.62611336732702,9.62611336732702,0,9.62611336732702
"80",-0.388782459924636,-0.14,3.2261344004326,0,3.2261344004326,0.0619399416278717,1,3.2261344004326,3.2261344004326,0,3.2261344004326,2.55274728701556,1,3.2261344004326,1.23529272877331,0,1.23529272877331,0.490214969828556,1,1.23529272877331,1.23529272877331,0,1.23529272877331,1.23529272877331,0,1.23529272877331,7.49971617911153,0,7.49971617911153,7.49971617911153,0,7.49971617911153,7.35464886942868,1,7.49971617911153,7.49971617911153,0,7.49971617911153,1.88995076556427,0,1.88995076556427,1.88995076556427,0,1.88995076556427,1.88995076556427,0,1.88995076556427,1.1861104833851,1,1.88995076556427
"81",-0.377174673109099,-0.14,2.4236986888691,0,2.4236986888691,2.10400196449298,1,2.4236986888691,0.550033388636124,1,2.4236986888691,1.32861712757405,1,2.4236986888691,1.75596694067716,0,1.75596694067716,1.75596694067716,0,1.75596694067716,0.92965698383946,1,1.75596694067716,0.57794078995497,1,1.75596694067716,9.17219135978181,0,9.17219135978181,9.17219135978181,0,9.17219135978181,9.17219135978181,0,9.17219135978181,9.17219135978181,0,9.17219135978181,0.175553679579122,0,0.175553679579122,0.0797130721645167,1,0.175553679579122,0.175553679579122,0,0.175553679579122,0.122561030000946,1,0.175553679579122
"82",-0.135864036983317,-0.14,3.34807755156549,0,3.34807755156549,3.13461009483663,1,3.34807755156549,3.34807755156549,0,3.34807755156549,3.34807755156549,0,3.34807755156549,1.56615823329384,0,1.56615823329384,0.336006600586037,1,1.56615823329384,1.19010643248601,1,1.56615823329384,1.56615823329384,0,1.56615823329384,0.579283984646009,1,1.51047464330641,0.98640908883318,1,1.51047464330641,1.09140753718667,1,1.51047464330641,1.24549308763253,1,1.51047464330641,2.32526494291264,0,2.32526494291264,2.32526494291264,0,2.32526494291264,2.18890460851773,1,2.32526494291264,2.32526494291264,0,2.32526494291264
"83",0.595190598924068,0.86,1.92340860203051,0,1.92340860203051,1.20618927894624,1,1.92340860203051,1.85526232898985,1,1.92340860203051,0.398923300902806,1,1.92340860203051,0.100974971889755,1,0.815285978940935,0.815285978940935,0,0.815285978940935,0.815285978940935,0,0.815285978940935,0.274548806447342,1,0.815285978940935,40.9539948821977,0,40.9539948821977,40.9539948821977,0,40.9539948821977,40.9539948821977,0,40.9539948821977,15.921365588571,1,40.9539948821977,1.59165736958647,0,1.59165736958647,1.59165736958647,0,1.59165736958647,1.59165736958647,0,1.59165736958647,1.02498722051726,1,1.59165736958647
"84",-0.908737102619558,-0.14,3.81620759529264,0,3.81620759529264,3.81620759529264,0,3.81620759529264,3.81620759529264,0,3.81620759529264,1.10543878062593,1,3.81620759529264,1.92540310484318,0,1.92540310484318,0.510703623010552,1,1.92540310484318,1.92540310484318,0,1.92540310484318,1.92540310484318,0,1.92540310484318,6.39532337504227,0,6.39532337504227,3.17204283507139,1,6.39532337504227,5.6168619080562,1,6.39532337504227,6.39532337504227,0,6.39532337504227,5.52421429134239,0,5.52421429134239,1.57163743438555,1,5.52421429134239,5.52421429134239,0,5.52421429134239,4.24069858104184,1,5.52421429134239
"85",0.270017349431955,-0.14,4.42886689367138,0,4.42886689367138,4.42886689367138,0,4.42886689367138,3.62395692810514,1,4.42886689367138,4.42886689367138,0,4.42886689367138,1.04300772063349,1,1.34176226181631,1.34176226181631,0,1.34176226181631,0.0599352643386939,1,1.34176226181631,1.34176226181631,0,1.34176226181631,4.26179775419612,0,4.26179775419612,4.26179775419612,0,4.26179775419612,1.93688757965503,1,4.26179775419612,1.05596513084884,1,4.26179775419612,3.06326155003132,1,4.4142621774731,2.75686760305872,1,4.4142621774731,1.58513617729885,1,4.4142621774731,3.34900407902423,1,4.4142621774731
"86",0.124728993563115,-0.14,3.01128185391363,0,3.01128185391363,2.49684694249874,1,3.01128185391363,3.01128185391363,0,3.01128185391363,3.01128185391363,0,3.01128185391363,1.31358809325372,0,1.31358809325372,1.25641294645633,1,1.31358809325372,1.31358809325372,0,1.31358809325372,0.22160189604675,1,1.31358809325372,5.57970216288606,0,5.57970216288606,5.57970216288606,0,5.57970216288606,4.2893735371223,1,5.57970216288606,3.11676054648885,1,5.57970216288606,0.0355777537601296,0,0.0355777537601296,0.0355777537601296,0,0.0355777537601296,0.0355777537601296,0,0.0355777537601296,0.00316774654984527,1,0.0355777537601296
"87",0.531180778576188,-0.14,2.22858626802003,0,2.22858626802003,2.22858626802003,0,2.22858626802003,1.65463967360695,1,2.22858626802003,0.655867695253392,1,2.22858626802003,1.10846876888904,0,1.10846876888904,0.200822255708371,1,1.10846876888904,0.32099589400699,1,1.10846876888904,0.440000165243086,1,1.10846876888904,1.6465845567443,0,1.6465845567443,0.506220068062085,1,1.6465845567443,1.6465845567443,0,1.6465845567443,1.6465845567443,0,1.6465845567443,2.67665079413943,0,2.67665079413943,2.67665079413943,0,2.67665079413943,0.28650720882199,1,2.67665079413943,2.67665079413943,0,2.67665079413943
"88",-0.229944102111862,-0.14,5.36768482446123,0,5.36768482446123,5.36768482446123,0,5.36768482446123,5.36768482446123,0,5.36768482446123,5.36768482446123,0,5.36768482446123,2.04761708464035,0,2.04761708464035,2.04761708464035,0,2.04761708464035,2.04761708464035,0,2.04761708464035,2.04761708464035,0,2.04761708464035,2.19241643001332,0,2.19241643001332,2.19241643001332,0,2.19241643001332,2.06418112326807,1,2.19241643001332,0.553068053277133,1,2.19241643001332,5.33485978353919,1,5.91500417928162,3.66863623778718,1,5.91500417928162,2.3490453927545,1,5.91500417928162,3.34450250442696,1,5.91500417928162
"89",0.145363855024606,-0.14,3.11193323985535,0,3.11193323985535,1.15997586948504,1,3.11193323985535,3.11193323985535,0,3.11193323985535,1.46972961407482,1,3.11193323985535,1.76283876190577,0,1.76283876190577,1.76283876190577,0,1.76283876190577,0.087598306167616,1,1.76283876190577,0.572330901024086,1,1.76283876190577,1.7889491770595,0,1.7889491770595,1.7889491770595,0,1.7889491770595,1.7889491770595,0,1.7889491770595,0.80652537406675,1,1.7889491770595,0.108512967861649,1,0.120547418941899,0.120547418941899,0,0.120547418941899,0.120547418941899,0,0.120547418941899,0.120547418941899,0,0.120547418941899
"90",0.0880714410203194,-0.14,3.36620532867651,0,3.36620532867651,3.36620532867651,0,3.36620532867651,3.36620532867651,0,3.36620532867651,3.29440975595891,1,3.36620532867651,0.580092499180775,1,1.60535211763273,1.60535211763273,0,1.60535211763273,0.333612838648816,1,1.60535211763273,0.872224274410215,1,1.60535211763273,0.0121857992077475,0,0.0121857992077475,0.00606534571605967,1,0.0121857992077475,0.0121857992077475,0,0.0121857992077475,0.00321993908656113,1,0.0121857992077475,5.68790224417841,0,5.68790224417841,5.68790224417841,0,5.68790224417841,5.68790224417841,0,5.68790224417841,5.68790224417841,0,5.68790224417841
"91",-0.362618493823496,-0.14,1.12003014725328,1,3.35939290524601,3.35939290524601,0,3.35939290524601,3.35939290524601,0,3.35939290524601,0.772522765737115,1,3.35939290524601,1.20391502746779,0,1.20391502746779,1.00815825404488,1,1.20391502746779,1.12189916865033,1,1.20391502746779,1.20391502746779,0,1.20391502746779,2.84684416413492,0,2.84684416413492,2.71462685503981,1,2.84684416413492,2.84684416413492,0,2.84684416413492,1.1332897968615,1,2.84684416413492,19.5093846830227,0,19.5093846830227,19.5093846830227,0,19.5093846830227,19.5093846830227,0,19.5093846830227,15.1013975546791,1,19.5093846830227
"92",0.611768660959895,-0.14,3.00192517318912,0,3.00192517318912,3.00192517318912,0,3.00192517318912,2.98775928307037,1,3.00192517318912,2.49379661646357,1,3.00192517318912,0.633177069064553,0,0.633177069064553,0.00641419947967495,1,0.633177069064553,0.05085833068706,1,0.633177069064553,0.633177069064553,0,0.633177069064553,6.25482232302517,0,6.25482232302517,6.25482232302517,0,6.25482232302517,6.25482232302517,0,6.25482232302517,4.93610472876773,1,6.25482232302517,0.168011072331065,0,0.168011072331065,0.099519161947085,1,0.168011072331065,0.168011072331065,0,0.168011072331065,0.0583115360436472,1,0.168011072331065
"93",0.585346247172946,0.86,4.7835647833711,0,4.7835647833711,4.7835647833711,0,4.7835647833711,2.89057823057122,1,4.7835647833711,3.69790855437758,1,4.7835647833711,3.25869936913221,0,3.25869936913221,3.25869936913221,0,3.25869936913221,3.25869936913221,0,3.25869936913221,3.25869936913221,0,3.25869936913221,1.41998273327967,1,5.51268981662915,5.51268981662915,0,5.51268981662915,5.51268981662915,0,5.51268981662915,5.51268981662915,0,5.51268981662915,2.44031107209948,0,2.44031107209948,0.343526972407229,1,2.44031107209948,2.44031107209948,0,2.44031107209948,2.44031107209948,0,2.44031107209948
"94",0.329173182011705,-0.14,2.48996228984589,0,2.48996228984589,2.48996228984589,0,2.48996228984589,0.39433045242626,1,2.48996228984589,2.48996228984589,0,2.48996228984589,1.25776135914556,0,1.25776135914556,1.24748519400972,1,1.25776135914556,1.25776135914556,0,1.25776135914556,0.0637811334073067,1,1.25776135914556,1.37535215773065,0,1.37535215773065,1.37535215773065,0,1.37535215773065,1.27756172568932,1,1.37535215773065,1.33625010532514,1,1.37535215773065,5.31276348540286,0,5.31276348540286,5.31276348540286,0,5.31276348540286,1.91410578951623,1,5.31276348540286,5.31276348540286,0,5.31276348540286
"95",0.822727199552657,-0.14,3.52912136136319,0,3.52912136136319,3.52912136136319,0,3.52912136136319,3.52912136136319,0,3.52912136136319,0.923901500816197,1,3.52912136136319,0.93901514136124,0,0.93901514136124,0.93901514136124,0,0.93901514136124,0.159844345897907,1,0.93901514136124,0.69200193420639,1,0.93901514136124,22.3278791456504,0,22.3278791456504,22.3278791456504,0,22.3278791456504,11.0257026279327,1,22.3278791456504,22.3278791456504,0,22.3278791456504,2.14263145464877,0,2.14263145464877,2.14263145464877,0,2.14263145464877,1.74354757516928,1,2.14263145464877,0.279703911805987,1,2.14263145464877
"96",0.25027798885362,-0.14,3.14730978761218,0,3.14730978761218,3.14730978761218,0,3.14730978761218,3.14730978761218,0,3.14730978761218,1.65474382358783,1,3.14730978761218,1.69648503417503,0,1.69648503417503,1.69648503417503,0,1.69648503417503,0.271575256681176,1,1.69648503417503,1.55915687292328,1,1.69648503417503,8.38366506917178,0,8.38366506917178,8.38366506917178,0,8.38366506917178,6.97986652673119,1,8.38366506917178,2.00528240729752,1,8.38366506917178,1.34610117967132,0,1.34610117967132,1.34610117967132,0,1.34610117967132,1.27395396537702,1,1.34610117967132,1.34610117967132,0,1.34610117967132
"97",-0.771253931809237,-0.14,3.93594490042,0,3.93594490042,3.93594490042,0,3.93594490042,3.67211372079129,1,3.93594490042,2.29643349738798,1,3.93594490042,1.41861402117714,0,1.41861402117714,1.41861402117714,0,1.41861402117714,1.41861402117714,0,1.41861402117714,0.386190156402426,1,1.41861402117714,0.701014707360618,0,0.701014707360618,0.701014707360618,0,0.701014707360618,0.183389058533858,1,0.701014707360618,0.701014707360618,0,0.701014707360618,0.40844964580499,0,0.40844964580499,0.40844964580499,0,0.40844964580499,0.40844964580499,0,0.40844964580499,0.259222489499622,1,0.40844964580499
"98",-0.379733504491547,-0.14,2.45938659219518,0,2.45938659219518,2.45938659219518,0,2.45938659219518,2.45938659219518,0,2.45938659219518,0.708614031448032,1,2.45938659219518,1.01813049979238,0,1.01813049979238,1.01813049979238,0,1.01813049979238,1.01813049979238,0,1.01813049979238,0.515366908157771,1,1.01813049979238,18.5573578036811,0,18.5573578036811,18.5573578036811,0,18.5573578036811,18.5573578036811,0,18.5573578036811,18.5573578036811,0,18.5573578036811,0.307741437035561,0,0.307741437035561,0.307741437035561,0,0.307741437035561,0.279463185571237,1,0.307741437035561,0.0349753470353692,1,0.307741437035561
"99",-0.742318488357488,-0.14,4.04975002236946,0,4.04975002236946,0.0359191272951765,1,4.04975002236946,3.01753681358099,1,4.04975002236946,1.86717529046403,1,4.04975002236946,1.35014106796836,0,1.35014106796836,1.35014106796836,0,1.35014106796836,1.35014106796836,0,1.35014106796836,0.294384580780582,1,1.35014106796836,1.03898769009919,0,1.03898769009919,1.03898769009919,0,1.03898769009919,1.03898769009919,0,1.03898769009919,0.894443150592863,1,1.03898769009919,20.7763808724468,0,20.7763808724468,20.7763808724468,0,20.7763808724468,1.70992385691262,1,20.7763808724468,11.641399293264,1,20.7763808724468
"100",-0.324141849518996,0.86,4.12677905477993,0,4.12677905477993,4.12677905477993,0,4.12677905477993,4.12677905477993,0,4.12677905477993,4.12677905477993,0,4.12677905477993,1.8369973616357,0,1.8369973616357,1.8369973616357,0,1.8369973616357,1.39367395882869,1,1.8369973616357,1.42674055361718,1,1.8369973616357,27.8808151305314,0,27.8808151305314,27.8808151305314,0,27.8808151305314,5.68520081550193,1,27.8808151305314,26.7754809576341,1,27.8808151305314,1.73228469008484,0,1.73228469008484,0.00448190594210165,1,1.73228469008484,1.73228469008484,0,1.73228469008484,1.09096958902315,1,1.73228469008484
